id,first_name,address,gender
1,Eleni Gainsbury,8 Anderson Avenue,167-302-0953
2,Dorise Gibbonson,36147 Maryland Hill,162-132-4004
3,Webster Anscott,9 Dixon Road,147-603-4995
4,Sly Haston,2677 Del Mar Road,903-143-6978
5,Reynold Kydd,16 Sachs Place,548-559-8212
6,Ilse Lilbourne,3 Stang Street,758-656-0733
7,Winifield Fruser,21226 Ramsey Center,672-639-0063
8,Cele MacKaig,54957 Dixon Street,106-893-5420
9,Hyacinthie Joddens,60 Park Meadow Court,725-496-4518
10,Norby Rahlof,68095 Reinke Street,211-541-9047
11,Pryce Tolle,6 Wayridge Place,705-250-6771
12,Frans Caswill,71 Thierer Court,331-783-7870
13,Vickie Buxam,97 Gulseth Circle,997-714-6423
14,Tessi Nendick,46487 Johnson Junction,122-825-8989
15,Damaris Roscoe,04841 Vidon Road,982-116-0403
16,Tadeas Abbess,91583 Arkansas Crossing,632-944-2456
17,Randolph Verchambre,800 Bobwhite Parkway,405-772-9775
18,Doy Tolerton,7756 Dwight Junction,775-955-0142
19,Myrtice Vaughan-Hughes,63091 Lukken Hill,919-473-3640
20,Lenna Gostick,00969 Hallows Way,978-189-0312
21,Liva Garnsey,5345 Elka Terrace,555-441-2381
22,Vince Dener,66 Ridge Oak Trail,908-647-3356
23,Trumaine Vicent,761 Alpine Point,863-814-4152
24,Chelsie Gaine,45 Northridge Trail,622-966-7843
25,Dru Zambon,868 Artisan Place,634-552-6982
26,Dot Isabell,2 Dapin Lane,655-584-8687
27,Gardie Silversmidt,428 Ruskin Drive,735-712-7189
28,Hadley Odom,5 Grim Center,609-919-7677
29,Spencer Gillion,8014 Delladonna Hill,494-480-2240
30,Marita Gillmore,95497 Scott Park,950-788-3420
31,Tessy Thackray,787 Prentice Lane,408-926-9658
32,Jesse Childes,03822 6th Place,399-167-5319
33,Rurik Blackaller,964 Cottonwood Point,171-964-4199
34,Lazare Ballach,72456 Schlimgen Drive,248-431-3442
35,Kenyon Ambrogioli,86037 Caliangt Terrace,434-844-7590
36,Andrew Devanny,464 Knutson Point,992-487-4478
37,Amitie Tilley,1 Stone Corner Hill,708-557-0775
38,Ingra Sidwick,51531 Toban Parkway,344-277-6727
39,Maximilian Beringer,2736 Ramsey Alley,188-180-7276
40,Rafi Gresswell,62313 Dexter Circle,308-460-8421
41,Patricio Smithson,110 Esch Circle,953-753-0261
42,Meriel Broyd,10 Sundown Circle,106-196-7398
43,Dallas Lynthal,3050 Hoffman Street,714-974-6880
44,Jacquenetta Fritter,82834 Stang Avenue,987-832-6225
45,Corena Gibbetts,36 School Point,616-206-7294
46,Jerald Skillen,5 Melvin Place,519-166-4609
47,Octavia Bromby,6 Kropf Avenue,786-656-6442
48,Auberon Monketon,3609 Oak Drive,574-162-0843
49,Cece Morter,41611 Glendale Drive,390-664-6695
50,Claresta Hubbert,23287 Dixon Terrace,659-683-4328
51,Zacharias Loosemore,75737 8th Junction,964-752-8824
52,Aretha Zuppa,94614 Arrowood Parkway,435-192-4452
53,Pietra Flea,9456 Porter Drive,722-608-2820
54,Napoleon Pedersen,6 Spaight Drive,940-577-4422
55,Baron Kobieriecki,56149 Mosinee Crossing,374-663-5008
56,Stormi Blakey,00285 Stephen Hill,779-164-8608
57,Maighdiln Rockall,09296 Algoma Hill,430-315-1696
58,Josepha Pirelli,59 Main Alley,183-221-9350
59,Lindsey Woolfitt,7941 Mosinee Terrace,329-757-9962
60,Paulie Olerenshaw,4391 Dawn Circle,275-887-4750
61,Othelia Francesch,7404 Manley Park,721-811-9471
62,Ilsa Yushachkov,29229 Arrowood Crossing,729-518-9925
63,Lydie Bowle,92 Del Sol Pass,461-955-0614
64,Angil McGrae,0861 Basil Plaza,480-302-2919
65,Jacklin Dymocke,210 Northridge Parkway,178-173-1876
66,Hal Warlock,2 Warbler Plaza,419-173-0939
67,Muhammad Laurentin,63 Gale Place,995-278-1447
68,Delores Samworth,96201 Eliot Crossing,857-623-5574
69,Gabie Campling,5791 Grayhawk Trail,580-928-3869
70,Adrian Dannatt,881 Ohio Terrace,977-790-0691
71,Cathryn Boyle,2459 Vera Parkway,979-647-0355
72,Teodoro Jurges,983 Spohn Avenue,500-645-2930
73,Catharine Henrion,9 Hauk Park,554-682-4574
74,Lauralee Hovard,61276 Buhler Hill,213-480-6799
75,Belvia Brymner,2050 Susan Point,900-578-9132
76,Jonis Maryet,87252 Derek Crossing,216-983-6189
77,Gibbie Lambourne,4481 Acker Alley,992-253-3037
78,Isabelita Antat,92 Veith Lane,621-318-1964
79,Baillie O'Hagan,3 Golf Course Road,216-715-3729
80,Eula Mellem,5 Cherokee Alley,759-891-4451
81,Verne Zuker,931 Veith Avenue,288-473-3255
82,Meir Hunnybun,40332 Monument Parkway,496-193-1372
83,Normy Ferdinand,358 Dawn Alley,360-982-5015
84,Olenka Burcombe,67059 Sherman Terrace,645-261-7230
85,Eleanor Collingwood,7551 Kinsman Junction,522-232-7362
86,Jerrine Tongue,6113 Graceland Court,676-489-0420
87,Fidole Fruish,8 Manitowish Place,141-721-2265
88,Berkie Heustice,78060 Starling Drive,882-325-7158
89,Dorena Videneev,1 Tennyson Point,709-738-1337
90,Bronny Griffithe,7 Darwin Pass,889-336-1505
91,Helge Raggles,3891 Independence Point,934-446-5608
92,Marcelle De Cruz,8 Iowa Point,111-444-5963
93,Melinda Mathely,81753 John Wall Pass,152-772-6198
94,Guilbert Gunbie,963 Pearson Plaza,527-144-8109
95,Kelwin Trevor,5365 Nevada Parkway,313-346-3009
96,Vachel Scarce,165 Pankratz Park,283-190-9084
97,Felike Jurries,5 Porter Circle,560-298-7171
98,Dina Bern,47 Susan Alley,914-531-1898
99,Jessi Duffell,8 Ridge Oak Road,102-363-8613
100,Sharity De Luna,4998 Thierer Hill,415-949-8011
101,Raquela Traise,11739 Kenwood Terrace,849-197-4256
102,Buiron Ferraresi,91904 Eagan Avenue,206-922-7750
103,Flinn Rackstraw,67 Lakeland Alley,988-130-3805
104,Purcell Megson,24547 Fairfield Point,876-192-5951
105,Velvet Ballantine,702 Hoffman Street,882-619-7333
106,Gisela Pitrasso,9 Chive Court,264-978-4605
107,Faythe Iacovone,46 Kinsman Hill,810-614-1142
108,Lazare Basketter,7392 Talmadge Way,569-339-7147
109,Nance Fayer,7013 Meadow Valley Trail,788-128-4155
110,Cleon Farnell,83858 Springview Place,881-361-7345
111,Arlie Nail,8 Redwing Lane,502-779-7562
112,Fabiano Trahear,13 Aberg Point,409-140-9065
113,Win Jurkowski,12705 Bluestem Parkway,248-425-1977
114,Hertha McPike,5850 Clove Crossing,980-894-9084
115,Nertie Pidgen,3 Rockefeller Pass,652-180-1431
116,Shana Juszkiewicz,07 Mendota Place,589-591-9250
117,Krystal McGow,40759 Carioca Hill,634-534-6840
118,Jareb Surman,01411 Havey Alley,470-553-6160
119,Donetta Simonassi,31 Vera Road,599-160-6127
120,Anett O'Halloran,90040 Katie Parkway,392-296-3644
121,Hector Pagen,286 Brickson Park Drive,139-594-7407
122,Port Kirsopp,29955 Mayfield Drive,381-601-1421
123,Thomasin Reubel,34705 La Follette Crossing,325-939-9720
124,Pooh Denington,85 Logan Junction,648-952-5873
125,Petronia Surgison,994 Lakewood Gardens Terrace,971-637-4445
126,Cull Allmen,4 Reindahl Terrace,178-730-4339
127,Juline Fuggles,57885 Twin Pines Circle,827-553-0483
128,Karly Shaul,2 Spohn Avenue,111-330-8761
129,Patsy Roony,414 Blackbird Circle,815-541-5394
130,Nelson O'Kane,22308 Loftsgordon Plaza,460-119-9442
131,Lucille Brandel,418 Ramsey Trail,736-508-1242
132,Dyann Topper,8 Mcbride Circle,953-751-1375
133,Mareah Brise,2397 Thierer Lane,486-381-4757
134,Portie Becraft,2 Union Avenue,419-515-1540
135,Arliene Gott,0 Springs Place,844-715-0341
136,Kermit Antonovic,09 Ohio Road,917-262-8962
137,Waldemar McCowen,17480 Browning Court,483-177-9422
138,Ethelda Dowe,8 Jay Plaza,929-962-6266
139,Leelah Horche,40 Coolidge Avenue,651-199-7942
140,Willy Shemelt,60055 Brown Alley,979-904-8270
141,Leonidas Grubey,2938 Moland Way,525-496-9576
142,Oona Hassewell,5 Hintze Center,561-587-4680
143,Boycie Sweed,635 International Hill,587-201-4385
144,Tedi Succamore,72623 Mosinee Hill,763-650-5224
145,Sallyann Fussen,43608 Chinook Alley,964-924-7835
146,Mavis Muskett,85 Prentice Street,944-156-5242
147,Pearce Lilbourne,2 Esker Crossing,921-269-3579
148,Gus Ovid,63835 Garrison Pass,761-943-3705
149,Enrico Swede,4 Milwaukee Terrace,399-193-9750
150,Meris Millins,261 Meadow Vale Way,606-141-2108
151,Corabel Casella,5062 Grasskamp Plaza,922-363-5668
152,Dannel Alford,716 Elka Crossing,460-405-0256
153,Anne-corinne Gilsthorpe,849 Macpherson Plaza,857-142-1539
154,Faustina Walshe,61 Lyons Plaza,102-923-6063
155,Siward Kenwrick,338 Mitchell Road,274-390-9656
156,Codee Coulton,463 Summit Center,315-584-1882
157,Christy Colles,3 Debs Point,528-921-0348
158,Kimble Esparza,4069 Fairview Place,197-177-0091
159,Xylina Gilliard,2385 Annamark Road,361-134-5949
160,Sharl Kobu,49152 Eastlawn Pass,267-453-1321
161,Mitchel Jedrzejczak,41291 Logan Park,382-115-9741
162,Lindsey Studdeard,1 Warrior Trail,716-592-2169
163,Shandee Stoneham,8137 Bowman Point,446-659-2075
164,Halley Leggat,9 Service Place,856-520-7476
165,Ruth Dachs,07019 Canary Court,375-374-4066
166,Rhodia Thuillier,68530 La Follette Terrace,419-495-9646
167,Helsa Pettko,12737 Rigney Junction,900-238-4110
168,Rouvin Ambrosoli,80 Northwestern Plaza,514-930-5202
169,Edythe Van den Hof,05193 Huxley Road,539-777-7407
170,Grady Hadleigh,858 Sutteridge Point,910-477-5549
171,Orsa McCarrison,8 Warrior Center,678-992-5106
172,Grove Brookesbie,18893 Hanson Junction,531-886-5087
173,Garvey Chezier,021 Wayridge Lane,964-681-2915
174,Lauretta Govier,9623 Packers Lane,258-674-5952
175,Edythe Sarson,4 Moulton Junction,228-104-5774
176,Tarah Karolovsky,2 Charing Cross Plaza,306-561-6115
177,Harvey McKirton,54 Golf Circle,286-929-7379
178,Enoch Baudasso,765 Scott Park,556-919-4493
179,Chad Martinetto,0 Melrose Hill,797-164-5613
180,Farra Burnside,54 Heffernan Junction,398-825-6063
181,Rodie Robley,9 Cody Terrace,207-817-6016
182,Emanuel Laurance,5 Sullivan Hill,128-744-4501
183,Dona Benterman,4 Shasta Center,263-266-4872
184,Kinna MacAughtrie,7 Nova Way,536-524-4494
185,Gae Ryle,8725 Harper Crossing,787-813-1404
186,Tatiana Petre,72931 Farwell Terrace,386-292-4025
187,Antonietta Dunkerly,9360 Transport Plaza,384-116-5309
188,Fredek Wickie,2333 Rutledge Junction,949-837-4147
189,Leia Moorerud,497 American Way,124-669-2199
190,Van Geraldez,43464 Troy Junction,880-231-6700
191,Maurise Bartolic,12 Granby Drive,932-955-2976
192,Dannel Margach,8 Kim Road,405-281-0316
193,Artemas Neame,22501 Lerdahl Street,454-778-7322
194,John Prestidge,54 Brown Hill,875-732-0212
195,West Pafford,41950 Dovetail Alley,495-392-3765
196,Lance Kaasman,48218 Armistice Point,822-230-5924
197,Locke Dacombe,75 Charing Cross Pass,733-838-6482
198,Fitz Wharram,030 High Crossing Crossing,393-926-0048
199,Carlotta Curnock,07356 Homewood Pass,478-195-5811
200,Marian Pill,321 Shoshone Lane,724-880-9763
201,Val Fried,465 Mayer Circle,335-218-4315
202,Jermaine Ganniclifft,6 Farragut Terrace,943-244-2142
203,Staci Mirrlees,67 Aberg Parkway,746-556-8327
204,Braden McKeaveney,27910 Larry Court,321-499-0792
205,Bernadene Armatage,15970 Hooker Center,801-270-1420
206,Arturo Conradie,508 Loomis Street,260-927-8066
207,Robin Alesin,4568 Service Street,573-566-7876
208,Haskell Dubble,787 Waywood Crossing,538-919-5743
209,Joya Stear,29036 Dryden Point,864-167-0727
210,Tyne Colbran,8 Monterey Plaza,284-133-5178
211,Georges Orring,07 Daystar Road,366-863-5247
212,Bridgette Zemler,92 Dawn Plaza,617-753-3149
213,Georgetta Alliott,35195 Lukken Way,312-148-5067
214,Ogden McAreavey,33 Corben Park,279-409-5195
215,Roosevelt Evens,883 Oneill Pass,573-893-7806
216,Alison Harbour,78788 Pine View Place,933-225-5370
217,Rodi Arundel,43559 International Drive,689-525-5225
218,Sigismund Nettles,5 Sauthoff Pass,780-113-0806
219,Sherie Millin,9929 Schmedeman Crossing,243-395-4183
220,Marleen Carverhill,3558 Stone Corner Street,238-984-0418
221,Cornie Durtnell,5084 Green Ridge Avenue,562-561-3912
222,Clywd Tidbold,276 Waywood Drive,129-687-0020
223,Domeniga Neal,120 Mallory Parkway,485-934-8573
224,Haleigh McElree,142 Pawling Point,990-118-5232
225,Silvana Strick,96221 Moose Pass,978-136-7084
226,Gerianna Rubin,39706 Dawn Court,372-704-6538
227,Timmy Yerill,12190 Nelson Circle,157-823-6656
228,Hersh Balk,9559 Gulseth Place,119-863-8556
229,Tarrah Posselow,5151 Riverside Way,437-466-8887
230,Dasi Weedon,4680 Myrtle Way,846-923-4925
231,Raphaela Habbema,77143 Pawling Place,205-356-8220
232,Malena Stooders,76328 Sutherland Alley,667-478-8609
233,Galven Edmott,5 Cottonwood Hill,196-419-4967
234,Lelia Jewson,02 Toban Hill,616-347-8790
235,Wynny Milne,2733 Aberg Terrace,872-468-9586
236,Roslyn Patience,6 Doe Crossing Road,153-830-0313
237,Ariel Galland,45 Truax Drive,931-835-2188
238,Janith Haste,7 Stang Place,973-933-6473
239,Timoteo Meeny,1 Fairview Center,365-221-2912
240,June Dailey,05332 Lawn Avenue,458-157-1077
241,Mathias Ramsbottom,3511 Stuart Street,845-438-9182
242,Ambrose Gason,0637 Continental Point,798-665-3969
243,Astrid Kalisz,86 Duke Avenue,975-272-5970
244,Nataniel Ashingden,8 Randy Crossing,784-763-7359
245,Carver Claybourn,9421 Gerald Street,988-488-2936
246,Debbie Ixer,97601 Quincy Terrace,144-117-1861
247,Flin Reubel,84317 Continental Drive,677-938-6051
248,Fonzie De Few,7 Sullivan Way,943-321-2348
249,Joya Lassells,67 Grim Terrace,201-490-7470
250,Sari Fawltey,23 Dawn Trail,110-637-2737
251,Molly McEvon,4955 Eliot Center,668-208-2164
252,Carmen Cathery,5712 Clarendon Pass,105-190-6255
253,King Baudasso,073 Park Meadow Hill,142-638-4112
254,Lorie Tilzey,1274 Northridge Lane,350-103-4282
255,Ermanno Stellin,3492 Farragut Parkway,533-563-5583
256,Ciel Hellin,21 Glendale Alley,786-785-5536
257,Briney Stenbridge,624 Corscot Crossing,721-747-2885
258,Bradford Stoodale,2027 Hoepker Park,127-791-5599
259,Xena Coots,93 Warrior Pass,508-852-9200
260,Estrellita Eldin,0728 Browning Drive,270-592-0221
261,Cazzie Axcel,644 Dexter Trail,923-571-1765
262,Minnaminnie Leech,9408 Eastwood Drive,310-212-2981
263,Dulsea Swindley,0 Muir Place,209-215-3422
264,Georges Harrap,76568 Morningstar Place,732-132-8589
265,Violante Olekhov,5034 Summer Ridge Junction,822-200-5225
266,Jan Surgenor,7760 Harbort Parkway,542-938-4694
267,Atalanta Giottini,91 Pennsylvania Street,363-821-7374
268,Myrta Burdoun,35 Merry Trail,159-964-0707
269,Phaidra Texton,00355 Granby Terrace,685-158-8193
270,Ina Camerello,18112 Melrose Point,447-902-0663
271,Estele Punchard,498 Maple Wood Plaza,555-181-8139
272,Daryn Canet,02521 Coolidge Plaza,346-400-0643
273,Gaye Loosmore,62246 Starling Junction,772-239-2744
274,Tucky Djurdjevic,8 Dwight Place,568-305-6422
275,Bernadene Bricket,2 Fremont Trail,364-352-7847
276,Gloria Barrable,9717 Sachtjen Way,280-235-5074
277,Berty Michel,54693 Truax Pass,410-171-1112
278,Laina Brilon,1 Petterle Drive,978-964-4512
279,Kalli Croley,6038 Maple Pass,501-804-5910
280,Zabrina Haggleton,534 Sunnyside Hill,257-918-0883
281,Cory Maffin,4169 Longview Junction,289-618-0658
282,Dinny Bidder,1695 Bowman Point,325-395-4597
283,Witty Colwell,443 Oak Alley,253-750-9874
284,Jan Lammers,42594 Delaware Junction,129-768-3353
285,Jeremy Himpson,9 Straubel Way,847-330-7961
286,Willey Sapir,259 Farmco Road,842-818-9344
287,Ginny Berringer,266 Jenifer Drive,570-427-0645
288,Reggie Coghill,2254 Elmside Parkway,194-382-2093
289,Hill Rosengart,0551 8th Street,111-576-5464
290,Britt Garr,9 Carioca Pass,352-921-4890
291,Andriette Goldsberry,2 Becker Hill,511-349-7790
292,Gwyneth Tuckley,0 Corben Center,696-861-4446
293,Clary Kenewel,9198 Rusk Park,385-852-3969
294,Alyce Gentery,52252 Heffernan Circle,773-938-9774
295,Maurice Curnucke,9800 Upham Point,901-576-1650
296,Oralia Bidnall,3904 Mayfield Road,243-694-3612
297,Margeaux Hacking,483 Heath Lane,187-952-2279
298,Libbi Sainthill,8127 Mcbride Terrace,336-662-7325
299,Glenda Curtoys,14 Nova Point,854-215-3571
300,Sileas Burborough,5897 Meadow Valley Place,363-403-5325
301,Gypsy Iggalden,8365 Laurel Crossing,590-131-5608
302,Cash Ropert,705 Mayfield Court,508-448-6554
303,Kaye Haslock(e),4215 Pankratz Lane,814-291-7042
304,Rodd Draude,92 Beilfuss Terrace,317-540-0289
305,Natividad Pickervance,8 Old Shore Plaza,466-966-3863
306,Hallie Serck,1452 Bowman Center,728-352-3069
307,Horatio Drivers,74 Donald Hill,131-252-4743
308,Marna Lemonby,41448 Prairie Rose Junction,820-471-6886
309,Creigh Gildea,3575 Schurz Hill,259-175-4522
310,Algernon Santostefano.,3610 Moulton Trail,314-348-2394
311,Jeremias Bee,4768 Eliot Street,123-156-0878
312,Rodrique Gilberthorpe,83659 Washington Lane,829-914-0017
313,Boy Mollett,885 Dixon Lane,794-603-1431
314,Kerri Scoates,224 Jenna Crossing,250-870-4750
315,Arv Girsch,9325 Barnett Road,976-974-6424
316,Lianne Carlino,9 Raven Circle,268-713-3989
317,Yorgos Seiler,3 Magdeline Lane,550-790-9064
318,Veronique Laye,41104 Walton Parkway,910-397-2616
319,Phineas Windibank,89715 Nova Circle,782-854-7077
320,Alis Bolle,19754 Northridge Junction,119-534-7658
321,Celeste Bragge,763 Spenser Alley,962-225-6512
322,Emmet Kochlin,33230 Springs Plaza,106-291-8205
323,Horacio Doget,482 Burning Wood Way,769-190-5284
324,Agneta Moriarty,88644 Mitchell Plaza,771-701-5244
325,Marta Tooze,51896 Bowman Plaza,988-478-7394
326,Teddie Spratt,447 Hoffman Junction,873-872-0232
327,Camey Cliffe,1 Brickson Park Road,455-814-6630
328,Casi Webb,4973 Eastlawn Avenue,655-515-6962
329,Meg De Freyne,76401 Ilene Plaza,971-739-5270
330,Britteny Stainton,9 Springs Pass,355-880-1318
331,Anjela Hawkshaw,5215 1st Street,414-876-9777
332,Maximo Roget,2 Packers Parkway,177-415-8231
333,Luce Durward,91 Superior Center,361-818-5395
334,Byran Filoniere,244 Pond Parkway,431-399-6114
335,Leola Olerenshaw,8738 Florence Way,454-466-6788
336,Gwenette Faier,9016 Reinke Street,584-321-1087
337,Gard Glazyer,59637 Roxbury Way,709-299-9006
338,Catherina Sutter,11 Continental Center,895-181-2456
339,Pooh Cammiemile,610 Amoth Way,800-979-6179
340,Amabel Laxe,6077 Homewood Place,915-961-8506
341,Karia de Chastelain,49749 Fulton Junction,150-365-6120
342,Jada Cade,0471 Merchant Junction,666-880-0074
343,Jerrie Dowsing,51860 Sunbrook Alley,772-723-1253
344,Daphna Effnert,0565 Rigney Pass,579-831-7083
345,Neile Lutton,54 Glendale Lane,878-892-0199
346,Ellene Halfhide,75 Straubel Center,874-762-2551
347,Karlis Harrington,16 Hooker Terrace,973-963-2090
348,Oliviero Scheffel,860 Buell Parkway,352-262-0615
349,Lilas Blenkinship,5213 Sheridan Pass,314-637-7760
350,Thomasin Domel,90493 Clemons Park,362-655-9781
351,Atalanta Beaven,183 Mccormick Street,694-442-5969
352,Jayme Matyushenko,129 Nobel Center,172-877-3498
353,Britteny Halfpenny,3 Gulseth Alley,825-134-6869
354,Ferdinand Horsewood,57 Sutherland Center,320-694-8616
355,Trudey Poulson,56 Forster Park,634-994-8369
356,Brinn Le Fevre,048 Utah Crossing,314-522-8855
357,Kelsey Daenen,81452 Buhler Plaza,333-326-8321
358,Margot Tout,51289 Daystar Parkway,647-997-4290
359,Harland Baldini,628 Buell Terrace,768-708-6599
360,Shurlock Hansmann,05089 Corry Street,302-772-3458
361,Haily Tuxill,17 Gale Plaza,283-978-8935
362,Quincy O'Collopy,8670 Clarendon Lane,695-345-9041
363,Georgi Iddenden,0618 Namekagon Center,223-198-5787
364,Joyce Dicty,1 Golf Course Crossing,541-981-8479
365,Renault Ellam,96332 Warrior Pass,525-604-8912
366,Harmonia Whybrow,50785 Bunker Hill Avenue,665-337-1258
367,Rick Houston,516 Meadow Valley Lane,420-541-9744
368,Harriette Gurge,0 Milwaukee Junction,574-653-7604
369,Prissie Sponder,311 Hudson Center,109-969-7854
370,Suzy Branscombe,27974 Kim Park,681-828-5796
371,Addia Riby,6749 Weeping Birch Lane,835-715-5322
372,Deonne Eayrs,140 Graedel Lane,927-668-5544
373,Masha Zohrer,39400 Mendota Crossing,435-602-2561
374,Shoshana Linne,05 Briar Crest Center,423-185-4986
375,Beverlee Lockhurst,5008 Commercial Road,426-852-0457
376,Domeniga Macon,573 Surrey Trail,561-971-3157
377,Maximo Petrecz,1 Morrow Terrace,453-609-8515
378,Avis Cosgry,546 Lerdahl Plaza,821-626-4077
379,Nell Thomasen,57 Karstens Trail,551-505-6016
380,Petr Josephoff,7 Pearson Alley,957-667-9800
381,Amby Jaquest,7099 Springview Trail,894-576-3659
382,Melly Feldhammer,4726 Bellgrove Avenue,204-342-4545
383,Pip Warder,339 North Plaza,891-744-9719
384,Arnie Summerley,736 Spohn Terrace,247-271-9822
385,Beatriz Emmert,8 Roxbury Pass,682-922-2799
386,Sissie Aggiss,8 Old Shore Trail,260-302-5476
387,Dulcinea Killelay,30242 Jana Pass,260-872-1184
388,Tiff Goodram,69 Dexter Avenue,514-381-6594
389,Else Wallbrook,23886 Basil Drive,278-328-4309
390,Lukas Hopkins,7426 Caliangt Place,614-875-5778
391,Gerik Relph,23 Saint Paul Point,468-698-3329
392,Gordan MacCoughen,72 Browning Park,210-218-4278
393,Valentine Irce,7763 South Junction,480-108-5005
394,Carilyn Esgate,77 Ryan Center,365-631-2892
395,Aubine Churchill,74 Jana Trail,424-873-1607
396,Sheila-kathryn Pane,7 Meadow Valley Junction,730-309-1132
397,Lurlene Burg,0 Jana Alley,777-848-5168
398,Giacinta Kensall,7763 Mallard Lane,417-571-5386
399,Ammamaria Simononsky,73 Gerald Lane,457-607-2922
400,Easter Pfeffer,4 Sycamore Parkway,909-103-1625
401,Valencia Marshalleck,454 Nova Point,915-766-2845
402,Lorette Imesson,44 Surrey Alley,234-774-1760
403,Flint Britian,20010 Glacier Hill Center,128-422-4317
404,Christel Reddings,7 Roth Hill,238-359-6955
405,Adrienne Orkney,9606 Cherokee Court,848-725-6883
406,Angy Jaszczak,384 Bobwhite Pass,227-257-5700
407,Davey Bygrove,8 Knutson Lane,927-706-6381
408,Susette Farriar,6 Continental Road,521-884-9693
409,Rosco Maplethorpe,03802 Maple Wood Plaza,710-867-9370
410,Pansie Banford,8567 Marcy Center,365-910-2649
411,Christalle Caven,7054 Myrtle Center,985-638-0490
412,Tadd Guichard,63759 Dexter Junction,167-875-3730
413,Glenn Gorling,59461 Oak Valley Crossing,624-919-5860
414,Avrom Faireclough,4293 Sachtjen Trail,135-732-8902
415,Matty Westmancoat,842 Moulton Hill,773-934-5294
416,Cyril Mablestone,3 Thierer Point,254-378-3904
417,Doreen Gauford,12729 Hermina Center,984-885-7610
418,Analise Jane,71 Vera Center,723-964-4770
419,Edsel Pavia,0892 Sloan Circle,345-449-9691
420,Tisha Lindegard,18867 Autumn Leaf Parkway,474-282-6747
421,Humfried O'Hallihane,874 Westerfield Crossing,456-721-7577
422,Opaline Heineke,970 Burrows Circle,864-431-8561
423,Dalila Shields,04 Mesta Street,502-751-3011
424,Evita Pietrzak,1 Darwin Parkway,525-815-1467
425,Kasper Lambertini,8 Randy Lane,547-805-9067
426,Erhard Tommeo,3587 Duke Terrace,839-624-8343
427,Florrie Forgan,043 Darwin Park,490-583-6782
428,Erina Rooke,90 Hazelcrest Drive,380-147-0461
429,Aeriela Kenwood,054 Springview Crossing,408-934-3812
430,Dorie Tonbridge,042 Knutson Way,954-521-7622
431,Noemi Kellar,4 Rigney Junction,682-350-4972
432,Layne Lulham,1 Cherokee Court,599-411-6113
433,Adelind Goodered,027 Aberg Hill,964-685-3932
434,Elfie Baythrop,7 South Center,342-466-2422
435,Stephie Biscomb,19093 Service Way,974-755-3276
436,Cole Menego,0685 Brickson Park Plaza,202-510-5374
437,Maury Whorlow,577 Oxford Street,295-992-9461
438,Juli Baudasso,54 Sutteridge Avenue,277-840-0498
439,Stephi Kivell,56169 Stephen Point,683-251-6816
440,Aubree Mapston,08 Texas Crossing,990-505-2081
441,Mace Wickwarth,42839 Clemons Center,783-803-2839
442,Shantee Housiaux,3 Sloan Road,508-161-2384
443,Joseito Stidever,6660 Waywood Drive,276-642-0561
444,Edith Ferens,7 Pawling Place,799-406-2391
445,Donna Casali,6 Chive Plaza,480-527-6124
446,Gunilla Liddel,38 North Street,925-899-4675
447,Winifield Jayne,1 Pleasure Alley,739-869-0545
448,Jen Housecraft,71 Cambridge Park,812-243-5049
449,Franny Hambleton,731 Westend Pass,781-233-7852
450,Abdul Fitzer,360 Mendota Parkway,600-631-8434
451,Denna Tallquist,54137 Burning Wood Pass,504-884-1019
452,Abbot Klimt,0002 Eagle Crest Street,291-263-5435
453,Vaughan Dyson,38 Harper Point,981-527-4301
454,Darcie Caldero,603 Toban Road,732-656-8184
455,Moore Putterill,25700 Onsgard Street,650-123-0394
456,Danny Milliere,46087 Scoville Terrace,410-899-3791
457,Aurelie Stebbings,3424 Algoma Hill,260-986-0567
458,Saree Brymner,72765 Bay Way,494-467-5503
459,August McNellis,9 Farmco Court,800-470-4906
460,Ferris Reedyhough,01 Ilene Pass,143-914-8996
461,Tiff Charrette,152 Linden Circle,823-610-1563
462,Desirae Morstatt,71 Boyd Parkway,695-991-5416
463,Donnajean Crossgrove,615 Acker Trail,342-119-0208
464,Trip Phin,4494 Sullivan Way,440-769-2201
465,Nancee Corney,862 Londonderry Point,807-888-6537
466,Hubey Ramshaw,754 Kennedy Circle,390-985-9497
467,Merell Dudhill,10 Northland Point,950-383-9155
468,Sean Gilchrest,17 Bluejay Plaza,769-588-3642
469,Corbett Farnfield,88 Mcguire Hill,839-574-3140
470,Cathrin Fulle,4788 Eggendart Terrace,854-870-4230
471,Clemmy Arling,71211 Nobel Parkway,885-485-8496
472,Weston Cleeton,3665 Acker Court,417-550-5287
473,Deeann Beldon,59718 Northridge Street,722-741-4535
474,Zsa zsa Daftor,069 Westerfield Drive,858-421-0220
475,Tuckie Jellybrand,158 Wayridge Street,450-838-5074
476,Lorenzo Piet,63 Clove Place,229-171-3272
477,Bonnibelle Pearcy,624 Scoville Lane,542-949-0464
478,Sidnee Panas,35 Burrows Park,950-611-4041
479,Gunilla Sirette,921 David Place,788-606-9300
480,Lainey Clemett,817 Milwaukee Parkway,954-964-3568
481,Joelle O'Hallagan,054 Farragut Park,327-511-4053
482,Kalindi Cunliffe,67260 Rigney Way,420-704-0099
483,Vania Brasier,89549 Loeprich Lane,719-393-9284
484,Cristionna Cattermole,20 Oriole Circle,133-505-1139
485,Leicester Zannuto,66395 Maple Lane,333-984-5186
486,Xavier Dugmore,1 Leroy Circle,186-874-6269
487,Cyrille Coronas,8004 Del Mar Street,933-506-0066
488,Lethia Venner,54 Debs Point,114-238-3783
489,Web Dysart,19 Bluejay Place,105-101-9072
490,Jasmine Rickardsson,35711 Sutherland Parkway,350-159-9871
491,Kristopher Cupitt,0429 Towne Court,160-982-6844
492,Noah Vereker,4 Garrison Terrace,374-689-3129
493,Auguste Kitteringham,5 Portage Pass,329-403-8320
494,Giacinta Duffield,68 Village Way,843-441-1956
495,Adrien Haestier,9177 Cody Point,224-385-4705
496,Idalina Deppen,84591 Milwaukee Trail,474-487-6265
497,Zea Pilbury,3821 Green Ridge Parkway,125-129-9295
498,Geri Endrizzi,472 Becker Parkway,626-582-0733
499,Cynthia MacSherry,418 Brown Way,556-868-3412
500,Dolph MacEllen,95275 Schurz Avenue,590-234-0762
501,Laverna Spacie,5 Hagan Way,579-556-8745
502,Biddy Daltry,20 Sunnyside Parkway,828-587-6753
503,Saree Gosling,1 Prairieview Place,870-659-5949
504,Remy Thornebarrow,755 Park Meadow Place,285-260-8222
505,Loretta Birnie,2476 Ridgeway Plaza,961-991-6646
506,Sergio Pabel,6 Derek Pass,351-467-5060
507,Clemente Nutty,67168 Everett Plaza,496-694-8082
508,Selle Brandel,23582 Amoth Pass,920-799-4765
509,Dorey Stoodale,7371 Maryland Road,790-921-5603
510,Edin Haggarth,89 Ilene Way,261-115-8251
511,Liz Lombard,9 Warrior Circle,422-962-3045
512,Evonne Blees,2920 Crowley Park,955-788-9957
513,Cindi Sydry,50888 Northwestern Junction,461-411-5079
514,Andrus Concklin,01520 Miller Drive,330-747-4090
515,Margarette Waldren,260 Bluestem Center,402-209-0238
516,Stephi Cosgreave,888 Hovde Street,426-422-4561
517,Godard Meco,78 Hoffman Crossing,777-609-7583
518,Ally Arndtsen,2 Sundown Parkway,340-146-1948
519,Bessy Wabb,352 Bonner Lane,434-336-4408
520,Adair Beecraft,86276 Lighthouse Bay Hill,809-842-1125
521,Osbourn Gerger,1616 Alpine Circle,199-645-1919
522,Lindsay Cowlin,0 Fordem Road,291-406-5701
523,Berkie Seyler,122 Bartelt Way,820-975-4273
524,Fergus Yakovitch,93994 Declaration Pass,951-341-9766
525,Ninetta Iannuzzelli,40 Killdeer Terrace,330-978-4998
526,Anton Birkmyre,7 Emmet Terrace,299-865-0664
527,Teri Muckersie,8 New Castle Hill,836-868-1076
528,Grace Woodfine,65756 Lien Street,618-586-4939
529,Kristen Featenby,8 Bellgrove Parkway,499-332-6207
530,Hollie Tomkin,8 Sommers Avenue,740-595-4348
531,Benedicto Lindermann,67 Mccormick Point,394-637-8281
532,Ailee Copyn,819 Lien Circle,531-889-3656
533,Erena Darey,0124 Killdeer Place,921-446-4143
534,Chickie Scrogges,6 Merchant Circle,973-893-7422
535,Gerda O'Doghesty,08 Shelley Lane,292-479-1682
536,Vonni Goman,2 Moland Way,423-993-6532
537,Clotilda Turpie,59 Dorton Hill,786-253-2653
538,Katalin Austen,48717 Hanson Place,316-208-1733
539,Deina Rydzynski,10 Judy Parkway,531-642-4894
540,Alicia Balls,01 Summer Ridge Trail,139-692-1379
541,Otis Peris,3571 Northland Avenue,319-844-0889
542,Eloise Goldingay,6 Harbort Lane,148-839-4360
543,Augustina Steagall,98 Gerald Point,323-635-8275
544,Jamima Renish,582 Village Place,921-195-7541
545,Kinny Banford,403 Elka Point,451-865-5142
546,Bette-ann Larrosa,37069 Fremont Place,817-264-8004
547,Imelda Dodsworth,42751 Washington Point,907-796-0852
548,Domeniga Honeyghan,45788 Manitowish Park,891-779-1087
549,Della Guinnane,19 Waxwing Hill,165-784-0033
550,Doloritas Reedick,296 Bluestem Way,926-594-8919
551,Darell Myers,74 Old Gate Avenue,887-604-0091
552,Koren Crellin,7 Farmco Drive,588-900-9406
553,Geoffry Crisp,15 Coolidge Trail,613-694-8970
554,Hesther Infantino,32334 Talmadge Crossing,943-879-6804
555,Marlowe Stenning,36947 Anderson Point,786-893-7266
556,Merla Issacson,9 Shasta Avenue,924-520-4075
557,Carolann McAless,637 Mockingbird Plaza,713-519-8585
558,Gerardo Witty,5 Mitchell Place,389-347-4275
559,Malcolm Hinchshaw,8 Northland Hill,815-147-1532
560,Robby Estrella,9 Banding Center,912-590-1033
561,Aarika Hofler,55884 New Castle Park,924-363-9208
562,Samuel Limprecht,5 Troy Place,913-813-4838
563,Clyve Darco,0009 Grover Road,629-840-1539
564,Luelle Bill,958 Caliangt Plaza,703-134-4162
565,Sofia Haselden,243 Harper Pass,760-323-3407
566,Curry Salla,2831 Westerfield Alley,720-928-5282
567,Zena Krzysztof,512 Dottie Place,760-577-1123
568,Susann Collingwood,19 Cordelia Road,579-641-0349
569,Ulrich Tempest,3307 Knutson Avenue,973-600-0906
570,Ezra Sizey,593 Sherman Hill,102-675-7267
571,Gilles Fateley,4 Maryland Avenue,299-276-9496
572,Grantley Ballingal,074 Pawling Circle,648-384-9352
573,Faustina Patley,706 Scoville Crossing,106-905-5737
574,Ashlen Blondell,3384 Lyons Terrace,891-437-6853
575,Mill Towers,0 Twin Pines Park,954-271-1505
576,Cyb Yeldon,97149 Basil Point,374-148-6042
577,Shirl Wride,48 Eastlawn Road,281-602-1766
578,Terry De Vaan,49 Delaware Point,127-522-5297
579,Reggis Tute,009 Mayer Drive,723-595-2032
580,Sigfrid Chiommienti,1 Surrey Drive,197-497-8420
581,Kristian Churchin,2 Buena Vista Park,215-589-7512
582,Essy Crisp,4934 Union Trail,867-645-2000
583,Elwyn Cudde,26807 Veith Drive,126-654-6603
584,Fredek Klewi,909 Petterle Center,739-926-5694
585,Lishe Lantuffe,59334 Farmco Hill,875-629-8129
586,Tine Mallaby,00826 Hintze Street,155-220-6215
587,Gaynor O'Loinn,9 Morning Avenue,513-302-0281
588,Fanni Goddman,2037 Michigan Place,281-452-3933
589,Reece Cullivan,43 Mitchell Trail,385-743-9557
590,Farlee Sayton,9 Northport Parkway,218-885-0316
591,Patricio Muscott,75 Paget Crossing,997-805-9416
592,Leon Rimell,0 Amoth Center,353-117-1118
593,Margarete Lies,74891 Nelson Drive,689-236-5714
594,Amory Orlton,0 Meadow Valley Plaza,687-785-0334
595,Magnum Moxley,49876 Almo Place,618-970-1080
596,Marabel Titley,31182 Upham Court,506-333-3541
597,Zondra Bruckental,573 Jenifer Hill,922-806-3590
598,Thedric Giacomoni,4559 Hollow Ridge Pass,823-207-6851
599,Mufi Mungane,11 Debs Point,407-849-7757
600,Andee Ghelerdini,40436 Schmedeman Terrace,521-349-2820
601,Garnet Creane,0093 Susan Street,239-368-2054
602,Normie Delacroix,073 Dovetail Circle,609-469-5540
603,Harland Aslott,630 Nevada Crossing,308-691-2876
604,Pebrook MacAskie,8791 Di Loreto Terrace,459-281-8802
605,Noby O' Cloney,841 Ridge Oak Parkway,133-701-0428
606,Eydie Bootell,39615 Reindahl Drive,312-997-8861
607,Wallie Caulket,94290 Monica Circle,389-234-9019
608,Padraig O'Noulane,4204 Sycamore Road,541-579-8951
609,Bobbee Kamiyama,2 Blue Bill Park Point,280-651-6268
610,Wynn Bus,65880 Briar Crest Plaza,915-365-5230
611,Laverne Turfin,7493 Stoughton Parkway,285-197-2621
612,Stanley Fawbert,2 Northview Parkway,277-174-4442
613,Phyllys Siss,4682 Veith Pass,805-762-7488
614,Barny Petzold,12959 Surrey Street,259-694-5242
615,Licha Strettle,96683 Bowman Road,585-246-4772
616,Russ Frangione,2 Clemons Hill,130-844-6871
617,Stinky Snelle,6 Nobel Place,977-122-0446
618,Lacey Stollmeier,80223 Butternut Park,910-540-2766
619,Domenic Filipyev,735 Lotheville Place,364-960-6415
620,Scarface Posvner,406 Dorton Park,969-272-0812
621,Bartlett Hamlin,0 Killdeer Drive,273-616-7841
622,Jemmie Westraw,7717 Fremont Parkway,525-863-0937
623,Nicol Darwood,9655 Grasskamp Pass,831-938-1404
624,Roderick Harflete,51028 Old Shore Way,158-366-9680
625,Merrill Wennam,27 Vera Circle,381-985-1034
626,Willi Jaggers,682 Lighthouse Bay Road,389-384-4389
627,Cindie Beards,867 Pierstorff Avenue,373-777-6420
628,Moyna Chiommienti,20 Forest Run Street,655-658-4002
629,Barb Musson,60505 Welch Trail,321-806-8509
630,Lucian Hall,68271 Ilene Crossing,759-802-2477
631,Klarika Hallbird,38898 Bellgrove Trail,145-247-8485
632,Cherye Langmead,2 Ridgeview Terrace,985-219-2460
633,Wilhelmine Bowhey,754 Roxbury Alley,707-951-1525
634,Heindrick Gwyn,356 Eagan Park,430-760-6190
635,Vanna Pencot,294 Golf View Circle,668-724-9343
636,Jo ann Aliman,3347 Park Meadow Center,169-163-7853
637,Dougie Pococke,59565 Messerschmidt Alley,190-949-2370
638,Gayleen Bahde,053 Arkansas Road,171-248-2884
639,Corrianne Petzold,403 Fairview Plaza,579-206-4987
640,Allard MacGauhy,8 Mifflin Pass,418-913-3116
641,Che Woolrich,11 Randy Hill,581-852-2179
642,Irwin Lusher,2 Lyons Alley,337-461-2402
643,Les Denison,8190 Eastlawn Way,697-332-4133
644,Abigale Frantsev,96 Laurel Crossing,190-980-0429
645,Biddie Baigrie,62 Loftsgordon Center,691-744-4957
646,Valentina Bilfoot,07790 Little Fleur Drive,621-530-6154
647,Chucho Cozins,5765 Rowland Drive,400-807-7277
648,Rosalynd Matthew,77062 Jenifer Hill,259-382-7334
649,Geneva McBratney,01 Holy Cross Lane,513-183-4749
650,Kerry Aldine,1 Riverside Alley,951-392-1032
651,Wylma Byrch,95688 Mendota Junction,402-223-9499
652,Alvina Huxter,975 Oriole Pass,418-475-7597
653,Thebault Ramard,01 Ronald Regan Crossing,962-203-5124
654,Adrian Luter,55 Declaration Lane,239-449-2060
655,Ward Campelli,0 Shopko Crossing,966-947-6245
656,Anthe Muckian,217 Laurel Parkway,216-147-4309
657,Lorna Weine,28933 Welch Drive,686-204-2438
658,Gerladina Tracy,8 Eastwood Drive,529-925-9703
659,Willey Currm,45 Namekagon Park,333-439-7181
660,Oralee Broader,41556 Scott Point,554-331-7847
661,Guilbert McGrill,101 Helena Terrace,656-601-4937
662,Ermengarde Offin,764 Upham Street,686-935-1156
663,Marshal Capeling,7366 Redwing Parkway,126-143-4467
664,Garret Spillane,15 Ridge Oak Pass,215-914-2183
665,Mark Baglan,854 Schlimgen Lane,757-325-1280
666,Brittan Tales,86 Stone Corner Lane,652-234-3157
667,Christa Tibbetts,38388 Namekagon Place,795-794-4529
668,Michal Towe,933 Riverside Terrace,794-529-7623
669,Randy Limming,59889 Florence Avenue,627-726-4860
670,Claudell Mickleburgh,73727 Riverside Parkway,850-629-2877
671,Robinette Pucker,91 Westridge Circle,350-244-1471
672,Berrie Deverell,542 Kedzie Drive,846-751-4557
673,Kerri MacKee,14 Londonderry Street,168-209-4170
674,Roma Leadbitter,3576 Northridge Trail,590-549-3566
675,Gwenny Terlinden,7838 Merchant Street,765-939-0303
676,Alexio Kennler,95 Buhler Crossing,680-910-4923
677,Prince Mungane,5400 Menomonie Drive,938-397-1635
678,Geoffry Faltskog,52499 Evergreen Avenue,752-511-4708
679,Faber Larwell,5094 Onsgard Alley,240-550-1821
680,Jerrilyn Linnell,83 Aberg Way,640-355-9069
681,Benedicta Crangle,1 Barnett Road,395-910-5857
682,Minda Beddow,7624 Rutledge Road,369-738-5595
683,Binny Hambridge,57 Fremont Street,682-253-4360
684,Julianne Kupker,240 Springs Avenue,288-120-5935
685,Aggy Brant,36 Mosinee Drive,581-102-1265
686,Leighton Frederick,5 Waubesa Crossing,628-583-2261
687,Mayor Chisholm,156 Mccormick Park,714-916-4623
688,Cecilla Knutton,18 Nobel Pass,841-856-1065
689,Bernadene Rogerson,156 Goodland Plaza,240-944-9592
690,Kenneth Cheyney,6065 Daystar Hill,594-466-1887
691,Shem Zupo,85 Barby Court,121-497-1362
692,Stormy Scandwright,01 Ridgeway Drive,284-333-8470
693,Mackenzie Callacher,532 Upham Road,714-772-0562
694,Sandy Keiley,423 Golf Course Parkway,378-370-0423
695,Godwin Skelbeck,8817 Victoria Center,610-394-4939
696,Loren Levens,109 Waubesa Place,177-774-7879
697,Ralph Gamil,20926 Di Loreto Street,818-221-1468
698,Rikki Greeno,370 Garrison Alley,895-577-0511
699,Nelson Dmisek,45 Westerfield Circle,141-889-3108
700,Adrien Apps,46378 Sheridan Center,666-177-0708
701,Mallorie Dixson,935 Orin Terrace,577-232-0460
702,Gerald Curee,6625 New Castle Trail,594-737-3463
703,Hally Maughan,7538 Harper Plaza,437-880-0680
704,Ignacio Le Surf,6145 Reindahl Pass,216-270-4208
705,Moyra Carrane,83 Sutteridge Alley,660-986-8189
706,Kiele Soldi,78169 Clemons Pass,985-682-8242
707,Trista Beebe,2608 Forest Run Center,966-877-5085
708,Ramsey Souness,2769 Fallview Park,626-439-1319
709,Loleta Whiles,389 Del Mar Court,663-345-7322
710,Andee Pharoah,04 American Point,510-631-6601
711,Janella Bordiss,42451 Northport Junction,754-499-3630
712,Phillis Preskett,33730 Mandrake Road,450-349-2138
713,Delinda Dumigan,5977 Mayfield Terrace,473-994-1786
714,Harley Hugo,7 Portage Junction,667-266-5300
715,Jessy Urwen,51 Toban Lane,334-169-1643
716,Gertie Thames,3481 Loomis Center,584-345-0903
717,Edi Pomphrett,35 Oxford Road,274-433-2157
718,Shaun Bassett,23484 Service Terrace,103-538-9319
719,Astrix Plumtree,53225 Fair Oaks Parkway,657-297-0031
720,Rowen Sandeford,0528 7th Drive,133-852-7176
721,Glenna Spoor,5 Packers Trail,716-896-3584
722,Iosep Ayre,97 Gerald Avenue,697-196-6861
723,Cicely Sivyour,090 Parkside Terrace,758-978-7669
724,Suzanna Chismon,473 Emmet Way,207-165-6847
725,De Sansum,503 Rowland Drive,814-945-9046
726,Sybille Pears,0755 Ludington Court,222-829-3008
727,Donny Gwinnett,1836 Monterey Park,842-671-8909
728,Merv Daughtery,94 Gina Parkway,811-849-8900
729,Jessika Arckoll,681 Hallows Junction,787-176-8743
730,Karlie Birchenough,33201 La Follette Park,623-680-7478
731,Kial Thurborn,12 Homewood Trail,539-495-1243
732,Glenn Brayfield,5837 Northland Hill,728-506-6819
733,Matelda Hobgen,1981 Fairfield Hill,954-669-6811
734,Hazlett Asty,079 Mcbride Crossing,958-427-9476
735,Joell Kalinowsky,1519 Comanche Drive,259-478-6075
736,Selestina Oliver,92462 Del Sol Point,441-942-9933
737,Dacy Di Giorgio,01498 Lake View Pass,685-215-1181
738,Becca Jakeman,061 Dorton Avenue,682-147-8381
739,Alie Gullis,4 Victoria Park,935-714-7235
740,Malachi McAllister,02 Vermont Drive,248-973-7599
741,Janet Boughey,5518 Shopko Alley,820-644-2958
742,Doloritas Rawsthorne,8969 Thompson Center,900-848-0883
743,Mei McQuorkell,87 Fuller Way,992-912-5819
744,Shelton Klaaasen,2623 Monterey Trail,459-855-6808
745,Annabell Wilson,49369 Dryden Pass,787-207-8997
746,Quincy Corradini,95275 Bluejay Junction,246-417-8254
747,Darice Briat,88632 Thierer Plaza,758-382-4517
748,Kial Viste,959 Mayer Park,235-732-1669
749,Kandy Silvers,8 Red Cloud Avenue,981-385-7470
750,Thorn McGillacoell,83498 Kinsman Parkway,264-993-6508
751,Chip McAne,14 Mccormick Avenue,129-463-8072
752,Reagen Physic,0717 Meadow Vale Center,834-866-0274
753,Pavia Oakes,54899 Esch Pass,489-226-3965
754,Taber Tallman,69 Laurel Point,648-311-5779
755,Sella Whiteson,504 Schiller Place,523-366-6288
756,Ramon Boydon,759 Armistice Park,167-471-9159
757,Carr Elizabeth,183 Eagan Street,703-237-9865
758,Katerina Corteis,9532 Coleman Parkway,218-561-2188
759,Carolyne Castell,85 Duke Avenue,262-304-8138
760,Ingrid Sutherns,17 Coleman Way,321-353-5159
761,Carry Fairholme,97 Eliot Hill,545-928-3502
762,Daphna Strood,32111 Dwight Trail,459-813-5453
763,Tully Biaggelli,1335 Summerview Place,651-590-4052
764,Darryl Dyton,9 Moland Drive,592-764-6923
765,Staffard Orhtmann,67000 Oak Valley Crossing,967-140-8254
766,Grethel Driussi,3 Upham Drive,552-895-6884
767,Salvador Gibke,66 Morning Crossing,718-829-5320
768,Lek Prando,2 Waxwing Drive,469-432-0269
769,Sonni Norwich,8894 Manufacturers Alley,301-884-9274
770,Lolly Joncic,660 Eliot Plaza,223-542-7586
771,Gerianna Stanislaw,8817 6th Court,924-617-2704
772,Linda Traill,618 Red Cloud Point,125-814-4875
773,Vinita Bullers,8 Loomis Pass,262-341-2140
774,Mychal Tolcher,4947 Emmet Road,603-119-0134
775,Josias Stayt,89522 Montana Pass,843-573-6501
776,Britni Pickworth,2863 Mitchell Park,285-208-4873
777,Garey Browne,73 Reindahl Alley,469-953-7841
778,Holly-anne Achromov,08 Starling Center,297-285-9529
779,Virge Muncey,88382 Orin Junction,105-127-3894
780,Eddi Northridge,27046 Kingsford Street,683-500-7200
781,Dasya Winscum,43 Sugar Place,168-713-7631
782,Darryl Portwain,037 Sutherland Junction,342-389-9882
783,Taryn Darbey,2 Crownhardt Street,150-900-0913
784,Deedee Jewett,25439 Menomonie Lane,546-869-2374
785,Alexina Seeborne,1070 Beilfuss Junction,527-776-7354
786,Edmon Keveren,0526 Hansons Circle,168-442-7280
787,Adamo Degue,73886 Judy Park,305-280-2329
788,Carolina Splevins,5 Warbler Pass,931-293-6832
789,Dorice Lofts,9 8th Circle,559-290-0395
790,Prent Cowx,550 Victoria Road,604-439-9273
791,Shawn Trever,81 Nobel Drive,369-147-4485
792,Adriane Ballin,16977 Ridgeview Center,894-614-8405
793,Emalia Osipenko,5 Cody Drive,555-672-5882
794,Maura Ungaretti,81 Blackbird Crossing,398-908-0938
795,Ros Maltman,97008 Fuller Center,150-113-0486
796,Caleb Beauvais,3 Mockingbird Plaza,887-778-0616
797,Karine Pavinese,6866 3rd Way,741-402-1292
798,Salomon Height,24 Hanover Crossing,954-178-8072
799,Lib Coppin,48 Karstens Place,422-129-6533
800,Gaspar Piesold,433 Meadow Vale Plaza,567-596-6207
801,Natale Ben,5325 Corry Street,369-299-5688
802,Creighton Agronski,972 Coleman Hill,928-410-7182
803,Carlos Sheaber,1 Dottie Court,764-885-2014
804,Annabel Dufour,565 Graceland Court,631-801-7744
805,Tomaso Briztman,67 Eagan Pass,609-666-7823
806,Carey Gustus,4 Hudson Terrace,637-756-6042
807,Barron Vallentin,81166 Jay Point,689-598-8959
808,Meryl Georgins,545 Ronald Regan Drive,366-525-6716
809,Lidia Moreside,32 Nevada Street,175-782-3631
810,Teodoor Norree,5521 Sauthoff Trail,120-754-9204
811,Whittaker Mousdall,401 Del Mar Trail,803-901-9773
812,Dottie Mangham,59 Beilfuss Center,236-703-1209
813,Taber Piddocke,0051 Mallory Park,840-769-8397
814,Horacio Zoren,2 Kinsman Circle,298-263-5634
815,Christine Laugier,68 Mayer Place,162-954-5037
816,Elaina Hallstone,9 Fordem Circle,137-954-1335
817,Alix McKea,8 Moland Park,484-579-5235
818,Christopher Duetschens,04341 Mockingbird Lane,828-440-0356
819,Horton Ginley,009 Rusk Junction,281-861-1849
820,Darill Frome,1690 Mesta Road,173-324-6283
821,Urban Staneland,47150 Village Green Street,973-169-6333
822,Tiebold Boylin,871 Helena Street,531-719-8276
823,Kristal Irnis,67 Stoughton Center,365-817-5389
824,Shea Geering,26 Clove Plaza,136-520-8287
825,Dolf Lathbury,54261 Morning Center,242-264-3029
826,Frances Simonou,6000 Westridge Junction,760-208-0118
827,Karylin Vondruska,232 8th Court,390-406-7783
828,Billy Ventom,11 Mifflin Crossing,356-304-8214
829,Kienan Hechlin,756 Di Loreto Road,134-905-3236
830,Hi Mattaser,43852 Crowley Street,361-451-2090
831,Sarina Curro,82 Utah Pass,232-335-6647
832,Gunther Hachard,079 Arizona Hill,719-442-6370
833,Malory Rosenau,158 Dapin Avenue,395-430-8215
834,Ysabel Jurzyk,619 Forest Dale Plaza,730-466-4154
835,Jeremiah Stoade,33239 Lyons Crossing,848-355-7419
836,Simone Blainey,88900 Waywood Terrace,984-561-7443
837,Nani Hoston,6 Cherokee Trail,100-345-3122
838,Terrence Plaskett,0 Village Green Plaza,465-234-3602
839,Helsa Bocock,05 Truax Center,206-406-9739
840,Ed Southern,09 Schmedeman Alley,532-979-0121
841,Dulcine Harbinson,81 Hagan Parkway,843-787-3592
842,Skippie Dudin,68331 Warner Avenue,120-592-3120
843,Audy Philipp,190 Michigan Junction,229-626-9811
844,Larry Dermott,863 Hanson Lane,667-271-6317
845,Mordecai Stopp,3 Alpine Center,994-659-7444
846,Clemence Brawley,799 Dayton Circle,259-721-4647
847,Tillie Peggrem,648 Prairieview Court,422-806-5496
848,Sephira Cumberpatch,550 Gateway Center,919-624-0206
849,Rickie Risman,33040 Coleman Road,709-579-6699
850,Drake Rotte,2 Mallory Pass,741-917-1737
851,Odetta Crudge,58705 Wayridge Place,194-920-2142
852,Ozzy Liversidge,66284 Westerfield Trail,577-171-2544
853,Marieann Aime,22 Drewry Center,842-695-6387
854,Susy Ingman,2688 Superior Street,915-146-4507
855,Salmon Sundin,9152 Browning Road,994-617-6478
856,Alain MacCafferky,2 Fordem Drive,481-190-3847
857,Conni Garz,008 Schiller Lane,470-168-7196
858,Sibella Crookshanks,8230 Moose Road,624-478-3472
859,Kerianne O'Cridigan,0226 Golf Street,881-351-4270
860,Eloise Mayell,2 Rieder Hill,714-632-4755
861,Kynthia Craisford,50 Starling Park,733-543-3885
862,Alysia Tyce,12 Harper Plaza,329-984-9951
863,Conrad Mayer,87 Barby Road,133-344-5452
864,Corrianne Duligall,31238 Anniversary Point,462-441-4814
865,Sean Gatling,3 Mcbride Drive,152-596-9336
866,Emelda O'Towey,72917 Boyd Pass,944-752-1087
867,Damaris Rodnight,3 Haas Avenue,351-401-2263
868,Celesta Chilles,7635 Independence Crossing,399-584-9461
869,Jolene de Almeida,657 Service Park,409-914-3741
870,Marin Hallums,228 Iowa Parkway,318-644-1379
871,Laureen Hallihan,17 Kim Hill,805-953-5445
872,Peyton Eam,505 Crescent Oaks Street,401-273-6158
873,Alfie Hendrickx,822 Mcbride Road,175-543-1992
874,Kellen Weightman,61 Burrows Point,979-306-5053
875,Salvatore Sanchis,74 Brown Drive,661-871-8842
876,Kristofer Fairholme,9 Merry Park,858-545-5941
877,Jason Barday,928 Rusk Junction,519-281-6319
878,Christalle Hesser,594 Birchwood Drive,512-575-2187
879,Henrik Gyurko,31 Little Fleur Drive,558-950-4306
880,Leese Flintoff,05712 Warbler Avenue,350-299-0289
881,Frederik Cresswell,82377 Spenser Junction,383-353-6711
882,Christopher Binne,0558 Merrick Way,452-974-9697
883,Simonne Pietruschka,51116 Stephen Plaza,944-538-9598
884,Dominic Dunrige,57781 Schiller Drive,249-527-5204
885,Crissie Weale,1 Eagan Court,588-804-0599
886,Ulrick Spencock,80311 Katie Terrace,446-124-0519
887,Vere Fraanchyonok,7 Fremont Center,864-445-5222
888,Halimeda Dineges,76850 Brentwood Hill,683-719-5086
889,Harmonie Smithe,8 Macpherson Pass,945-662-8063
890,Audrye Goodbourn,9 Dayton Pass,307-689-0925
891,Analise McIlwreath,9 Hovde Park,909-272-0239
892,Jordan O'Doghesty,3 Barby Circle,197-655-8618
893,Baxie Roscam,6661 Katie Avenue,407-515-9726
894,Revkah Fearnley,77518 Glacier Hill Place,233-426-5578
895,Ted Gammade,13113 Jana Terrace,273-832-9872
896,Alasdair McNabb,3 Debra Crossing,898-923-8090
897,Demeter Croysdale,11 Harper Lane,938-909-4633
898,Lynde Noseworthy,56 Warrior Street,376-777-4537
899,Zorine McKellar,5 Anderson Way,969-776-4327
900,Lauretta Hunn,83245 Dovetail Junction,263-752-3633
901,Lock Luxford,01064 Sloan Pass,512-893-6700
902,Ashton Dryden,88364 Bunker Hill Road,190-975-8934
903,Carlos Shall,75971 Monica Parkway,394-819-4784
904,Joel Perl,4 Crownhardt Center,266-215-8938
905,Garek Threlkeld,33475 Cordelia Junction,335-866-3270
906,Sheree Farncombe,2933 Swallow Avenue,439-629-2248
907,Lilly Vogeler,8 Sundown Lane,469-113-3207
908,Jule Morrissey,71572 Express Terrace,401-700-3377
909,Ashlen Rait,69 Lakeland Parkway,286-627-5969
910,Anatola Vany,9085 Vahlen Trail,961-928-4583
911,Romeo Boig,75646 Pleasure Drive,831-679-9132
912,Robinetta Hodgon,8 Lotheville Pass,296-108-6558
913,Kalil Bennit,47371 Lakewood Gardens Street,749-880-1789
914,Lewiss Cooley,5564 Carioca Parkway,369-261-4068
915,Margery Ethridge,8 Eggendart Point,337-818-6855
916,Anastasia Sharpling,24 Basil Place,240-140-9717
917,Olly Cockshtt,48 Hooker Circle,768-389-5006
918,Waly Issakov,804 Lakewood Gardens Court,939-860-6830
919,Natty Lawtey,899 Jenna Plaza,185-395-2856
920,Joshua Gergler,82149 Dawn Trail,375-580-2248
921,Sigismond Duckham,11123 Pierstorff Lane,878-482-1412
922,Doralyn Tweede,13 Namekagon Point,624-396-4118
923,Natala Huxstep,8141 Leroy Parkway,835-178-4428
924,Hew Parmer,9095 Mifflin Parkway,595-399-9770
925,Vina Castagne,0797 Sunnyside Trail,225-196-0510
926,Keane Fausset,83 Darwin Avenue,943-940-1316
927,Gretal Flarity,719 Amoth Alley,216-591-7608
928,Rasia Moffatt,143 Raven Road,684-830-8357
929,Deonne Blest,6327 Hauk Way,424-458-4667
930,Phillip Saxby,1 Walton Park,720-795-6345
931,Gratia Cargill,4916 Pankratz Alley,683-755-5308
932,Katrina Blankman,2 4th Alley,305-342-7103
933,Dean Endrizzi,2572 Fallview Parkway,635-693-8489
934,Stephana Englishby,30159 Transport Trail,803-146-5702
935,Ivie Wayper,1 Little Fleur Terrace,626-892-1880
936,Aubine Calway,26 Monument Road,721-544-7875
937,Red Paulich,28 Lighthouse Bay Hill,859-629-7054
938,Melvin Circuit,443 Lindbergh Center,515-540-0199
939,Warde Twyford,676 John Wall Way,672-266-2807
940,Arney Olivello,72 Grasskamp Lane,822-194-3087
941,Chico Glynn,2574 Green Park,625-974-9659
942,Marita Parmley,49187 Vermont Road,332-748-4907
943,Claiborn Durrell,2497 Paget Way,600-992-0786
944,Kayley Roux,7166 Bashford Court,379-736-0335
945,Zora Feehely,662 Reinke Hill,583-499-8375
946,Pavlov Vallack,039 Grasskamp Road,603-882-6993
947,Ardyce McKeighan,1220 Independence Parkway,250-174-6372
948,Marjory Kidde,1 Tennessee Center,811-370-1816
949,Ashlen Rankling,55 Northport Avenue,573-228-2729
950,Charlton Waples,41781 Elmside Junction,652-575-1408
951,Efrem Gidley,051 Scoville Road,321-432-9465
952,Torrey Lasty,4077 Clyde Gallagher Terrace,168-438-6602
953,Peggy Morican,30227 Farragut Drive,684-795-0806
954,Lindsy Sephton,7 Washington Road,760-200-3204
955,Kameko Wankling,3964 Towne Parkway,707-767-9164
956,Virgina Vanyakin,66473 Norway Maple Crossing,566-985-2754
957,Drew Cashford,63459 Continental Terrace,249-771-4252
958,Cristal Waghorn,07603 Menomonie Parkway,106-353-1786
959,Fae Castelijn,52 Memorial Lane,184-254-3616
960,Georas Rodrigo,118 4th Plaza,802-277-2822
961,Ranna Tommen,750 2nd Pass,115-103-1903
962,Zea Longstaff,1 Fisk Center,444-419-2197
963,Correna Whitmore,50126 Pepper Wood Crossing,670-389-0852
964,Harbert Hodcroft,000 Talmadge Terrace,624-369-2064
965,Truda Johanchon,6178 Waxwing Center,691-740-3641
966,Vaughan Sawer,558 Pine View Terrace,996-959-5056
967,Zandra Pincott,9165 Emmet Avenue,986-364-0051
968,Connor Thunders,3 American Ash Point,719-154-1284
969,Delmor Penddreth,041 Vidon Avenue,200-767-6424
970,Shannah Prinn,1 Service Pass,528-353-6446
971,Harbert Buckner,685 Sundown Center,433-889-9546
972,Nathalia Marjanski,96168 Crescent Oaks Terrace,537-620-2849
973,Filberte Reape,41680 Kedzie Hill,891-891-8449
974,Haslett Morden,83 Sundown Hill,979-665-8390
975,Tailor Calwell,51 Sherman Court,197-210-4133
976,Elroy Littlechild,493 Hoepker Way,513-678-6191
977,Stephen Burkitt,455 Rutledge Center,283-336-1033
978,Bernardo Haney,248 Forest Park,995-567-6174
979,Herb Potebury,34237 Northland Parkway,383-542-8093
980,Hadria Williment,4 Carioca Parkway,291-931-4493
981,Danya Sharple,8238 8th Place,851-243-6176
982,Alonso Fazackerley,05104 Pine View Drive,950-435-7570
983,Correy Flucks,68 Dakota Crossing,280-739-3486
984,Oswell Fasse,0606 Pond Way,545-313-2789
985,Mellie Walentynowicz,7 Fuller Point,691-106-6840
986,Malcolm Eake,8534 Waywood Alley,833-592-4741
987,Dulci Spivie,247 Algoma Hill,710-159-7842
988,Bree Hatchard,64391 Towne Pass,938-332-4888
989,Annmarie Gammett,2016 Butterfield Lane,993-368-7858
990,Nikola Itzkovsky,29 Eliot Place,499-756-5367
991,Gregorius Bonham,0 Sachs Parkway,488-357-9806
992,Andree Loveridge,2756 Arizona Junction,425-919-5963
993,Pia Brundill,34 Dapin Street,870-420-2815
994,Gaylene Ranger,94 Aberg Alley,208-706-9229
995,Arden Sweedy,21265 Welch Trail,358-956-1478
996,Aloysia McNae,943 La Follette Center,425-735-4574
997,Sadye Cairney,72 Green Point,199-787-7832
998,Uta De Luna,1675 Anthes Court,709-708-7301
999,Damon Quinane,62603 Green Ridge Park,670-438-5846
1000,Guendolen Polland,54796 Hovde Plaza,205-903-0414
